"id","lat","long"
"1000001 - Temple of Aesculapius",41.890278,12.478333
"1000002 - Temple of Apollo Palatinus",41.888854,12.485741
"1000003 - Temple of Apollo Sosianus/Medicus",41.8923136,12.4795912
"1000004 - Temple of Bellona",41.89238,12.47989
"1000005 - Temple of Bona Dea",41.880581,12.48979
"1000007 - Temple of Castor(es)",41.891773,12.485755
"1000009 - Temple of Ceres and Faustina",41.857844,12.524306
"1000011 - Temple of Cessati Spiriti",41.862522,12.533184
"1000012 - Temple of the Divine Claudius",41.887594,12.493367
"1000013 - Temple of Concord",41.89293,12.484245
"1000014 - Temple of Cybele/Magna Mater",41.889554,12.484984
"1000015 - Temple of Dea Dia",41.83614,12.44195
"1000016 - Temple of Diana",41.882828,12.483194
"1000017 - Temple of the Divine Antoninus and the Divine Faustina",41.892139,12.486689
"1000018 - Temple of the Divine Augustus",41.891616,12.484471
"1000019 - Temple of the Divine Julius",41.891943,12.486246
"1000020 - Temple of the Divine Romulus",41.891846,12.487166
"1000021 - Temple of the Divine Trajan",41.895471,12.484645
"1000022 - Temple of Elagabal",41.889603,12.488894
"1000023 - Temple of Feronia",41.895163,12.476723
"1000024 - Temple of Fides",41.8914,12.4812
"1000029 - Temple of Fortuna Huiusce Diei",41.895387,12.476839
"1000030 - Temple of Fortuna",41.890556,12.480833
"1000031 - Temple of Fortuna Muliebris",41.843745,12.555806
"1000032 - Temple of the Divine Hadrian",41.899876,12.479621
"1000034 - Temple of Hercules Musarum",41.8931188,12.477733
"1000037 - Temple of Hercules Victor/Invictus",41.8887057,12.4806393
"1000039 - Temple at Il Torraccio",41.994283,12.492366
"1000040 - Temple of Isis at via Labicana",41.890049,12.501237
"1000041 - Temple of Isis/Serapis",41.897221,12.479167
"1000042 - Temple of Janus",41.891289,12.479947
"1000043 - Temple of Juno Curritis",41.894862,12.476906
"1000045 - Temple of Juno Moneta",41.894009,12.483497
"1000046 - Temple of Juno Regina",41.88444,12.47972
"1000047 - Temple of Juno Regina",41.893141,12.478602
"1000048 - Temple of Juno Sospita",41.891093,12.479937
"1000049 - Temple of Jupiter",41.840026,12.536854
"1000050 - Capitolium",31.776306,35.235619
"1000051 - Temple of Jupiter",33.510833,36.300833
"1000052 - Temple of Jupiter",33.966667,36.666667
"1000053 - Temple of Jupiter",34.006839,36.203397
"1000054 - Temple of Jupiter Anxur",41.290817,13.260113
"1000056 - Temple of Jupiter Custos",41.891825,12.481892
"1000057 - Temple of Jupiter Dolichenus",41.88319,12.4804
"1000062 - Temple of Jupiter Capitolinus/Optimus Maximus",41.892222,12.481667
"1000064 - Temple of Jupiter",40.7499,14.4845
"1000066 - Temple of Jupiter Stator",41.890487,12.488793
"1000067 - Temple of Jupiter Stator",41.892897,12.479021
"1000070 - Temple of Jupiter/Baalshamin",33.112906,35.531175
"1000071 - Temple of Juturna",41.895664,12.476876
"1000074 - Temple of the Lares Permarini",41.894983,12.476957
"1000078 - Temple of Mars Ultor",41.894444,12.486944
"1000079 - Temple of Mater Matuta",41.890556,12.480833
"1000080 - Temple of Matidia",41.899964,12.478081
"1000081 - Mausoleum of Romulus",41.8550631,12.5181785
"1000084 - Temple of Minerva Medica",41.893845,12.511867
"1000085 - Temple of Minerva",41.893664,12.487089
"1000086 - Mithraeum Barberini",41.902964,12.4891
"1000087 - Mithraeum of Orazio Muti",41.89981,12.485662
"1000088 - Mithraeum of San Clemente",41.889675,12.497281
"1000089 - Mithraeum of Santa Prisca",41.883213,12.483655
"1000090 - Mithraeum of Santo Stefano Rotondo",41.884655,12.496744
"1000091 - Mithraeum of the Baths of Caracalla",41.879922,12.493118
"1000092 - Mithraeum of the Campidoglio",41.89291,12.482628
"1000093 - Mithraeum of the Circus Maximus",41.888114,12.482856
"1000094 - Mithraeum of the Crypta Balbi",41.894242,12.479176
"1000095 - Mithraeum of the Esquiline",41.894894,12.501063
"1000096 - Temple at Monte del Grano",41.865272,12.549292
"1000098 - Nymphaeum of the Villa dei Quintili",41.8279699,12.5480362
"1000099 - Nymphaeum Septizodium",41.885632,12.488719
"1000100 - Temple of the Nymphs",41.895163,12.478714
"1000101 - Temple of Ops Opifera",41.895163,12.478714
"1000103 - Pantheon",41.89856,12.47685
"1000104 - Temple of Pax",41.8926,12.4876
"1000106 - Temple of Portunus",41.889232,12.480883
"1000108 - Temple of Robigo",41.959271,12.447668
"1000110 - Temple of Saturn",41.892468,12.484181
"1000113 - Temple of Spes",41.890962,12.480052
"1000115 - Temple of Sybil",41.966809,12.800843
"1000118 - Temple at S. Salvatore in Campo",41.893685,12.474003
"1000120 - Tomb of Cecilia Metella",41.852196,12.520981
"1000121 - Temple of Veiovis",41.892776,12.483611
"1000122 - Temple of Venus and Roma",41.890812,12.490168
"1000123 - Temple of Venus Genetrix",41.8942,12.4848
"1000125 - Temple of Venus Victrix",41.895335,12.473014
"1000126 - Temple of the Divine Vespasian and the Divine Titus",41.892876,12.484081
"1000127 - Temple of Vesta",41.891792,12.486141
"1000128 - Temple of Vesta",41.9667,12.8009
"1000130 - Temple of Victory",41.889418,12.48521
"1000137 - Capitolium",42.410911,11.286364
"1000138 - Capitolium",40.848488,14.057007
"1000139 - Capitolium",45.443872,10.996195
"1000140 - Capitolium",47.68489,16.58305
"1000141 - Capitolium",41.013342,28.956067
"1000142 - Temple of Augustus",44.870213,13.841842
"1000143 - Temple of Augustus",41.383351,2.177103
"1000144 - Temple of Augustus",40.821276,14.120447
"1000145 - Capitolium",35.873886,8.785101
"1000146 - Unknown",35.874468,8.785616
"1000147 - Temple of Minerva",35.404638,8.122492
"1000148 - Temple A",37.836269,29.109676
"1000149 - Temple of Trajan",39.132812,27.183256
"1000150 - Temple of Dionysus",39.132283,27.182573
"1000153 - Temple of Honos",41.906487,12.498676
"1000155 - Portonaccio Temple",42.021223,12.390661
"1000156 - Great Chesterford Temple",52.07048,0.208052084
"1000157 - Harlow",51.79013,0.127076484
"1000158 - Gosbecks, Colchester",51.86582,0.856901856
"1000159 - Stonea Grange",52.52174,0.134535711
"1000160 - Waste Management Park, Waterbeach, Cambridge",52.2972,0.1791583
"1000161 - Baldock",51.99054,-0.184278987
"1000162 - Wood End Lane/Buncefield Lane",51.7593,-0.433190999
"1000163 - Friars Wash, Redbourn",51.81901,-0.404061466
"1000164 - Caistor St Edmund temple",52.58692,1.304821414
"1000165 - Scole, A143 Scole-Stuston Bypass",52.36266,1.159824025
"1000166 - Crownthorpe, Wicklewood",52.58352,1.080879369
"1000167 - Lancing Down",50.84807,-0.328010681
"1000168 - Greenwich Park",51.48127,0.001558654
"1000169 - Lullingstone",51.36418,0.196533335
"1000170 - Castle Field, Worth",51.25017,1.3458945
"1000171 - Keston",51.3505,0.028999999
"1000172 - Springhead, sanctuary complex",51.43066,0.32613761
"1000173 - Springhead, roadside settlement",51.4307,0.323981736
"1000174 - Thurnham",51.2847,0.579052952
"1000175 - Richborough temples",51.28995,1.329420998
"1000176 - Boxted, Upchurch",51.36451,0.658099701
"1000177 - Farley Heath",51.19389,-0.49751161
"1000178 - Wanborough Roman Temple",51.23794,-0.683091189
"1000179 - Church Field, Titsey",51.27624,0.035920719
"1000180 - Chanctonbury Ring",50.89682,-0.381227592
"1000181 - Broadbridge, Bosham",50.83983,-0.852303555
"1000182 - Ratham Mill, Funtington",50.85183,-0.852122691
"1000183 - Weycock Hill",51.49345,-0.817544128
"1000184 - Bancroft temple-Mausoleum",52.05657,-0.797733369
"1000185 - Bourton Grounds temple",51.99158,-0.939216473
"1000186 - Chedworth temple",51.81811,-1.91261855
"1000187 - Lydney Park",51.72146,-2.557441682
"1000188 - Uley",51.69565,-2.306678281
"1000189 - Hayling Island temple",50.82193,-0.972536725
"1000190 - Sansom's Platt",51.86778,-1.343901034
"1000191 - Woodeaton",51.80893,-1.223670327
"1000192 - Marcham/Frilford",51.6633,-1.366780827
"1000193 - Nettleton",51.49076,-2.257769643
"1000194 - Badbury Romano-Celtic temple",50.82652,-2.057591749
"1000195 - Maiden Castle",50.69488,-2.46999813
"1000196 - Poundbury",50.71896,-2.451285648
"1000197 - Jordan Hill",50.63755,-2.427115997
"1000198 - Brean Down",51.32421,-3.015511638
"1000199 - Henley Wood",51.3831,-2.801914168
"1000200 - Pagans Hill, Chew Stoke",51.36073,-2.637358019
"1000201 - Lamyatt Beacon",51.12394,-2.473626892
"1000202 - Redhill, Ratcliffe on Soar",52.86942,-1.269562233
"1000203 - Cosgrove",52.07176,-0.841971487
"1000204 - Thistleton religious complex/town",52.74453,-0.65474716
"1000205 - Grimstock Hill, Coleshill",52.51183,-1.714308514
"1000206 - Maryport",54.72287,-3.489841344
"1000207 - Great Bulmore",51.61875,-2.927248119
"1000208 - Caersws Vicus 84-93",52.5169,-3.428691514
"1000209 - Temple of Saturn",36.42555,9.22063
"1000210 - Temple of Saturn",36.400753,9.907412
"1000211 - Temple of Saturn",36.463333,6.483889
"1000212 - Temple of Hercules",31.9538,35.9349
"1000213 - Temple of Herakles",37.290252,13.586221
"1000214 - Temple of Hera Lakinia",37.288662,13.600197
"1000215 - Temple of Concord",37.289747,13.592005
"1000216 - Temple of Asclepius",37.282531,13.589582
"1000217 - Temple of Olympian Zeus",37.290982,13.584423
"1000218 - Temple of Hephaistos",37.292956,13.578769
"1000219 - Sacellum",37.292956,13.578769
"1000220 - Temple of the Dioscuri",37.291344,13.581507
"1000221 - Temple L",37.291043,13.581401
"1000222 - Temple of Demeter",37.299241,13.603379
"1000223 - Temple of Isis",37.298272,13.589222
"1000224 - Temple of Poseidon",37.650153,24.024573
"1000225 - Temple of Athena",37.652933,24.027015
"1000226 - Heroon of Phrontis",37.653068,24.02716
"1000227 - Capitolium",41.29215,13.248628
"1000228 - Church of San Cesareo",41.291923,13.248411
"1000229 - Temple of Apollo",40.74921,14.4844
"1000230 - Temple of Bellona",41.752632,12.291518
"1000231 - Tharros",39.873825,8.440263
"1000232 - Temple of Juno",41.887016,12.71593
"1000233 - Temple of Antas",39.394028,8.500288
"1000234 - Punico-Roman Temple",39.222012,9.106047
"1000235 - Capitolium",45.539905,10.225802
"1000236 - Temple of Jupiter",40.121441,8.94209
"1000237 - Temple at Bovianum Vetus",41.73999,14.386793
"1000238 - Temple of Hera Lacinia",39.02651,17.204949
"1000239 - Temple complex",40.383694,16.823549
"1000240 - Temple of Venus Erycina",37.941475,12.832296
"1000241 - Temple of Diana",41.723934,12.710217
"1000242 - Twin Temples",42.639618,12.557378
"1000243 - Acropolis",42.988754,10.5092
"1000244 - Temple of Fortuna",41.838009,12.89152
"1000245 - Temple of Minerva",43.071224,12.614974
"1000246 - Temple of Athena",37.05965,15.29354
"1000247 - Temple of Apollo",37.063938,15.29297
"1000248 - Temple of Diana",42.672871,11.05109
"1000249 - Temple of Venus, Baiae",40.816093,14.071485
"1000250 - Temple of Diana, Baiae",40.819092,14.070563
"1000251 - Temple of Jupiter",40.849385,14.051347
"1000252 - Temple of Apollo",40.848538,14.053502
"1000253 - Temple of Apollo",40.839336,14.082209
"1000254 - Temple of Hera",40.419327,15.005457
"1000255 - Temple of Hera",40.419971,15.005339
"1000256 - Sanctuary of Minerva",45.954277,10.284884
"1000257 - Temple A",40.283569,15.905277
"1000258 - Temple B",40.283955,15.906185
"1000259 - Temple C",40.285255,15.906856
"1000260 - Temple D",40.285954,15.907481
"1000261 - Oratorio di Falaride",37.296696,13.58861
"1000262 - Temple of Demeter",39.20137,8.635581
"1000263 - Temple of Victory",37.973946,13.82408
"1000264 - Capitolium",41.754478,12.28806
"1000265 - Nymphaeum",41.757095,12.295577
"1000266 - Temple of Rome and Augustus",41.753574,12.288665
"1000267 - Temple 'C'",37.583237,12.825288
"1000268 - Temple 'A'",37.582607,12.825358
"1000269 - Temple 'B'",37.58292,12.825808
"1000270 - Temple 'D'",37.583687,12.825046
"1000271 - Temple 'E'",37.586716,12.834885
"1000272 - Temple 'F'",37.587337,12.834879
"1000273 - Temple 'G'",37.588314,12.834987
"1000274 - Sanctuary of Demeter Malophorus",37.586945,12.817137
"1000275 - Greek temple",40.473709,17.233036
"1000276 - Temple of Venus",41.944672,12.774768
"1000277 - Temple of Demeter",37.057495,14.89367
"1000278 - Sanctuary",38.211281,16.238371
"1000279 - Tavole Palatine",40.416199,16.816666
"1000280 - Temple 'A'",42.015289,11.963535
"1000281 - Temple 'B'",42.015129,11.963889
"1000282 - Sanctuary of Apollo",42.014652,11.964618
"1000283 - Temple of Venus Erycina",38.036556,12.583742
"1000284 - Talamonaccio",42.551804,11.169796
"1000285 - Cult Site",45.917473,10.817933
"1000286 - Temple of Clitumnus",42.842201,12.7569
"1000287 - Temple of Flora",41.305756,14.562722
"1000288 - Temple of the Dioscuri",40.85144,14.25683
"1000289 - Diana Tifatina",41.118294,14.260515
"1000290 - Temple",42.934608,12.609744
"1000291 - Temple Peltuinum",42.283485,13.623908
"1000292 - Casentino - Chiesa di Pieve a Socano",43.652519,11.787855
"1000293 - Large Temple",44.065861,10.01729
"1000294 - Sanctuary of the Lake of the Idols",43.866669,11.683333
"1000295 - Montemignaio",43.740524,11.621438
"1000296 - Temple of Athena",40.42453,15.005402
"1000297 - Temple of Diana",38.038563,14.02475
"1000298 - Large Temple",42.419655,11.62843
"1000299 - Temple of Hercules",42.418175,11.631992
"1000300 - Etrusco-Roman temple complex",43.808475,11.292941
"1000301 - Asclepieion",36.841862,15.105948
"1000302 - Temple of Jupiter",41.798317,12.704335
"1000303 - Megara Hyblaea",37.204262,15.175998
"1000304 - Temple",40.423512,15.006211
"1000305 - Temple of Peace",40.421938,15.005541
"1000306 - Agora sanctuary",37.430794,14.479367
"1000307 - Temple of Demeter and Kore",37.43034,14.479649
"1000308 - Citadel",37.437569,14.48876
"1000309 - Rock of Ceres",37.569225,14.289181
"1000310 - Templi Ferali",37.05713,14.895352
"1000311 - Kasmenai - Casmenae",37.076412,14.82563
"1000312 - Kasmenai - Casmenae",37.076519,14.826977
"1000313 - Temple of Hercules Antica",41.753826,12.286155
"1000314 - Serapeum",41.753315,12.283876
"1000315 - Temple of Ceres",41.756348,12.291035
"1000316 - Four Small Temples",41.755665,12.290623
"1000317 - Shrine of the Altar of the Twins",41.756107,12.29099
"1000318 - Jupiter Temple",41.755539,12.290882
"1000319 - Templum Mensores",41.753784,12.285011
"1000320 - Sanctuary of the Bona Dea",41.750599,12.285399
"1000321 - Templum Fabrum Navalium",41.752777,12.286075
"1000322 - Temple of Isis",41.772774,12.255305
"1000323 - Temple of Portumnus",41.780937,12.27154
"1000324 - Templum Rotundum",41.753544,12.28787
"1000325 - Temple of the Round Altar",41.753693,12.286317
"1000326 - Temple with portico",40.847906,14.057575
"1000327 - Masseria del Gigante",40.847826,14.058799
"1000328 - Sanctuary Alto da Vigia",38.824299,-9.47159
"1000329 - Temple at Mirobriga Celticorum",38.010284,-8.683709
"1000330 - Temple",38.572571,-7.907287
"1000331 - S. Miguel de Mota",38.64328,-7.44304
"1000332 - Calanta",38.76722,-8.03341
"1000333 - Cabeço de Fráguas",40.419579,-7.22432
"1000334 - Santuário da Ns. das Cabeças",40.339989,-7.41788
"1000335 - Sra. do Granja",40.05547,-7.25653
"1000336 - Santuário da Sra. do Almortão",39.907059,-7.17339
"1000337 - Santuário de S. Pedro de Almuro",38.997742,-7.48622
"1000338 - Roman Temple",41.929218,2.256823
"1000339 - Temple",37.884762,-4.77628
"1000340 - Temple of Diana - Emerita Augusta",38.91658,-6.34435
"1000341 - Temple",39.721661,-6.891493
"1000342 - Fortuna",38.209648,-1.11363
"1000343 - Cerro de los Santos",38.732769,-1.27022
"1000344 - Cancho Roano",38.701099,-5.68604
"1000345 - Los Cuadriales",38.432659,-6.59005
"1000346 - Santa Eulalia de Bóveda",42.979946,-7.685923
"1000347 - Temple of Serapis, Emporiae",42.133911,3.121315
"1000348 - Forum Temple, Emporiae",42.132835,3.117041
"1000349 - Temple columns",37.400253,-5.993706
"1000350 - Temple Noviodunum",48.26062,-0.498666
"1000351 - Nymphaeum Aquae Segetae",48.115402,2.622707
"1000352 - Temple",46.496559,-0.024869
"1000353 - Maison Carrée",43.838333,4.356111
"1000354 - Temple in Glanum",43.773125,4.832713
"1000355 - Tasciaca",47.324047,1.299076
"1000356 - Roman Temple",44.135654,4.807766
"1000357 - Temple of Mercury, Lutetia",48.843395,2.327117
"1000358 - Temple 'le Palais'",44.561203,4.600079
"1000359 - Temple of Augustus and Livia",45.525478,4.874246
"1000360 - Temple of the Cybele",45.524319,4.875925
"1000361 - Temple of Diana",49.103539,7.52761
"1000362 - Temple of Diana",43.839947,4.348574
"1000363 - Gisacum",49.003063,1.235978
"1000364 - Temple of Mercury",48.960583,7.616738
"1000365 - Sanctuary",46.423141,5.742032
"1000366 - Sanctuary",46.76136,5.922335
"1000367 - Sanctuary (Flaviers - Mouzon)",49.580894,5.105447
"1000368 - Temple Isarnodurum",46.2234,5.558579
"1000369 - Temple Novioregum",45.535629,-0.879376
"1000370 - Roman temple",43.681892,5.197178
"1000371 - Temple of Apollo",43.817055,6.088223
"1000372 - Forum Temple Lugdunum Convenarum",43.029804,0.573152
"1000373 - Briga",50.021584,1.462042
"1000374 - Temple complex Petromantalum",49.120399,1.771297
"1000375 - Temple of Mars",48.472012,-2.146052
"1000376 - Temple of Janus",46.96125,4.288465
"1000377 - Sanctuary",48.593163,3.109161
"1000378 - Tempel Cherre'",47.660496,0.235538
"1000379 - Tempeln Argentomagus",46.599777,1.51518
"1000380 - Tour de Vesone",45.179405,0.714345
"1000381 - Temple",47.658772,6.866085
"1000382 - Temple forêt Halatte",49.242058,2.625384
"1000383 - Temple",43.709648,-1.052306
"1000384 - Sanctuary",45.450756,2.426149
"1000385 - Temple de Mercure de la forêt de Tannière",48.131313,6.57349
"1000386 - Tour de Grisset",47.896442,1.183712
"1000387 - Sanctuary Donon",48.512527,7.164421
"1000388 - Temple - Cathédrale St Jean",44.123901,4.0761
"1000389 - Fanum - Civaux",46.444412,0.664659
"1000390 - Grannum",48.383953,5.48573
"1000391 - Temple complex",44.272472,1.294166
"1000392 - Sanctuary",46.694786,2.520366
"1000393 - Fanum",49.04372,1.570312
"1000394 - Mons Seleucus",44.456219,5.748653
"1000395 - Nymphaeum",47.337536,-0.232876
"1000396 - Nistos",42.981285,0.537025
"1000397 - Saint-Pé-d'Ardet",42.983734,0.669335
"1000398 - Saint-Plancard",43.171619,0.576446
"1000399 - Roquepertuse",43.532394,5.27003
"1000400 - Vaugrenier",43.623562,7.128598
"1000401 - Rognes",43.663326,5.347199
"1000402 - Puech Caut",43.970982,3.099904
"1000403 - La Réole",44.586464,-0.029494
"1000404 - Fanum d'Aron",44.926109,2.440561
"1000405 - Le Combalou",43.974461,2.987631
"1000406 - Tour de Eysses",44.419743,0.721229
"1000407 - Châtelet",45.249901,4.79432
"1000408 - Temple, Brion",45.282433,-0.838219
"1000409 - Sanctuary Rajat",45.591797,2.948923
"1000410 - Temple of Diana",45.688812,5.914636
"1000411 - Temple de Cybèle",45.759602,4.818432
"1000412 - Temple des Côtes de Clermont",45.806736,3.078307
"1000413 - Temple de Mercure, Puy de Dôme",45.771854,2.964456
"1000414 - Temple Cassinomagus",45.849098,0.767463
"1000415 - Puy Lautard",45.929768,1.869932
"1000416 - Puy-de-Joue",46.033264,1.569519
"1000417 - Chez Rigros, Saint-Pardoux",46.07193,1.3012
"1000418 - Sanctuary of Mars Mullo",47.968758,0.166472
"1000419 - Masamas",46.399273,0.972868
"1000420 - Lac-d'Antre",46.415447,5.752648
"1000421 - Sanctuary Tours Mirandes",46.740105,0.293851
"1000422 - Les Fons Clairins",46.813335,2.411545
"1000423 - Thaumiers",46.81356,2.639874
"1000424 - Le Bioulet",46.869949,5.7476
"1000425 - Sanctuary of Alléans",47.0793,2.749274
"1000426 - La Touratte",46.903824,2.548355
"1000427 - Pied de Bourges",46.946854,1.225093
"1000428 - Sanctuaries",47.139778,5.001985
"1000429 - Fourneaux",47.102268,-0.08869
"1000430 - Temple",47.305702,-0.161236
"1000431 - Villate",47.307056,2.297843
"1000432 - Petit-Mars",47.390633,-1.468336
"1000433 - Temple antique",47.3936,0.68807
"1000434 - Sources de la Seine",47.484905,4.719573
"1000435 - Temple",47.671444,-2.750201
"1000436 - Nal, La Vraie-Croix",47.700558,-2.505833
"1000437 - Moncelon",47.821045,1.476534
"1000438 - La Tour",47.83168,-0.353501
"1000439 - Le Mur",47.845501,-2.099815
"1000440 - Craon",47.869492,2.828017
"1000441 - Ruines d'un vieux temple - Membrey",47.5644,5.734408
"1000442 - Les Clairs Chênes",47.964176,5.222123
"1000443 - Plombières-les-Bains",47.965816,6.460263
"1000444 - Clos du Détour",47.996143,2.676318
"1000445 - La Furetière",47.998966,-0.705822
"1000446 - Bains-les-Bains",48.001415,6.26457
"1000447 - Bouexière",48.049622,-1.900603
"1000448 - Trouguer",48.058224,-4.705246
"1000449 - Trogouzel",48.075298,-4.314423
"1000450 - Fanum Pithiviers-le-Vieil",48.163734,2.202981
"1000451 - Juillé",48.244579,0.12194
"1000452 - Oisseau-Le-Petit",48.346451,0.075101
"1000453 - La Ferme d'Isle",48.433331,3.31667
"1000454 - Deneuvre",48.441734,6.73517
"1000455 - Asile des Pêcheurs",48.471024,-2.011823
"1000456 - Les Grèves",48.549187,3.606701
"1000457 - Nasium, temple",48.632435,5.386586
"1000458 - Wasserwald",48.713898,7.289902
"1000459 - La Butte Ronde",48.714252,1.984475
"1000460 - Arnières-sur-Iton",48.999615,1.110515
"1000461 - Les Terres Noires",49.133663,2.085254
"1000462 - Saint-Aubin-sur-Gaillon",49.148079,1.32437
"1000463 - Canetonum",49.173302,0.621389
"1000464 - Les Régales",49.246918,1.129583
"1000465 - Mare-du-Puits",49.338657,1.049869
"1000466 - Les Essarts",49.345848,1.021025
"1000467 - Estrées-Saint-Denis",49.4259,2.644821
"1000468 - Les Muguets",49.564636,1.835476
"1000469 - Ecâtelet",49.624222,1.906107
"1000470 - Le Catillon",49.656013,2.36636
"1000471 - Septeuil",48.897812,1.671292
"1000472 - Bois Titran",49.816505,2.646559
"1000473 - Le Moulin",49.854774,2.10009
"1000474 - Cartigny",49.904331,3.01797
"1000475 - Bracquemont",49.943413,1.123369
"1000476 - Ribemont-sur-Ancre",49.96442,2.55404
"1000477 - Bailleul",50.033588,1.87157
"1000478 - Les Huit Journaux",50.132519,2.34789
"1000479 - Petit fanum",50.05582,1.938265
"1000480 - Le Fief du Bac",49.887169,2.702727
"1000481 - Sanctuary",49.316475,2.604453
"1000482 - Temple",49.779976,2.392164
"1000483 - Fanum",48.697834,5.63705
"1000484 - Complexe cultuel",49.26498,5.642999
"1000485 - Fanum au Pont-Verdunois",49.158867,4.960401
"1000486 - Temple du Herapel",49.152973,6.860515
"1000487 - Temple (Les cinq fontaines)",48.656166,6.215222
"1000488 - Lascaux",45.049168,1.176111
"1000489 - Camp celtique",48.969513,7.619184
"1000490 - Mithraeum de Sarrebourg",48.730274,7.053757
"1000491 - Hafentempel Colonia Ulpia Traiana",51.66938,6.446255
"1000492 - Capitolium CCAA",50.934589,6.958396
"1000493 - Marstempel CCAA",50.937386,6.958447
"1000494 - Temples CCAA",50.934933,6.94602
"1000495 - Matronentempel",50.482342,6.618147
"1000496 - Temple Görresburg",50.482292,6.618158
"1000497 - Weihetempel",49.84346,6.42365
"1000498 - Judenkirchhof - Römischer Tempelbezirk - Pelm",50.230743,6.674787
"1000499 - Pilgerheiligtum - Sirona-Tempel - Forsthaus Hoch",49.86454,7.232887
"1000500 - Römische Tempelanlage Auf Borstadt - Schleidweiler",49.885769,6.658008
"1000501 - Römische Tempelanlage - Gusenburg",49.642498,6.925347
"1000502 - Römische Tempelanlage",50.151859,6.843915
"1000503 - Römischer Tempel - Niersbach",49.942722,6.755594
"1000504 - Römischer Tempelbezirk auf dem Metzenberg - Tawern",49.664539,6.509661
"1000505 - Römischer Tempelbezirk",50.020042,6.518407
"1000506 - Römischer Tempelbezirk - Otrang",50.013863,6.546174
"1000507 - Tempel am Herrenbrünnchen - Neu-Heiligkreuz",49.745407,6.646463
"1000508 - Tempel auf dem Gelände des Mutterhauses - Altstadt",49.754078,6.630699
"1000509 - Tempel mit Säulenvorbau - Alt-Heiligkreuz",49.746544,6.642509
"1000510 - Tempel mit Vorhalle - Alt-Heiligkreuz",49.746704,6.642539
"1000511 - Tempelanlage Beim Lindenkreuz - Münzschatz",49.703876,6.705217
"1000512 - Temple area",49.703884,6.705037
"1000513 - Temple area",50.107349,6.563914
"1000514 - Temple area",49.749973,6.613711
"1000515 - Temple area",49.89975,6.787938
"1000516 - Temple area",49.855228,7.165844
"1000517 - Temple Sanctuary",49.809135,6.606158
"1000518 - Presumed temple area",49.779331,6.582847
"1000519 - Presumed temple area",49.888115,6.518048
"1000520 - Presumed temple area",49.948616,6.576705
"1000521 - Vermutete Tempelbauten",50.032089,6.695539
"1000522 - Vermuteter Tempel",50.040829,7.073928
"1000523 - Vermutetes römisches Heiligtum - Tempelhof",49.965935,6.390636
"1000524 - Überreste eines Tempels - Grindelborn",50.141296,6.631656
"1000525 - Temple and burial precinct",49.810493,6.60087
"1000526 - Temple area",49.297417,7.2925
"1000527 - Temple of Mercury",50.293213,7.570019
"1000528 - Temple area",50.17915,7.286287
"1000529 - Sanctuary - Temple",50.191593,8.204134
"1000530 - Apollo-Grannus-Tempel (Faimingen)",48.561783,10.409117
"1000531 - Bergheiligtum auf dem Calmont",50.109138,7.12365
"1000532 - Spring Sanctuary (Sudelfels)",49.336136,6.606687
"1000533 - Temple area",50.533657,6.703
"1000534 - Matronenheiligtum ""Vor Hirschberg""",50.502647,6.651904
"1000535 - Mithraeum",49.222488,7.02788
"1000536 - Temple",47.57542,7.761292
"1000537 - Cult area",48.548004,10.290641
"1000538 - Mithraeum",48.274055,10.87458
"1000539 - Römisches Haus",48.762733,9.101792
"1000540 - Temple of Diana",47.986389,9.053611
"1000541 - Lapidarium",48.970776,9.286698
"1000542 - Spring Sanctuary",49.890659,6.442838
"1000543 - Bergheiligtum auf dem Beinter Kopf",50.012611,7.178739
"1000544 - Wachtturm 10-37b ""Schneidershecke""",49.550064,9.128879
"1000545 - Mithraeum",49.061623,9.005662
"1000546 - Temple area",47.727634,10.322745
"1000547 - Temple",47.801346,7.671381
"1000548 - Varnenum",50.729584,6.193684
"1000549 - Mithraeum",49.373943,8.157275
"1000550 - Mithraeum",49.073357,10.832198
"1000551 - Dolichenum Vetoniana",48.882706,11.263725
"1000552 - Bergheiligtum",49.543842,7.561576
"1000553 - Mithraeum Pons Aeni",47.895569,12.146881
"1000554 - Mithraeum",48.150002,7.746531
"1000555 - Temple of Cimbrian Mercury",49.425861,8.706383
"1000556 - Fossa Sanguinis",51.183834,6.717542
"1000557 - Maienbühl, Riehen",47.594391,7.68094
"1000558 - Mithraeum",49.008961,9.210657
"1000559 - Temple",48.496727,10.119792
"1000560 - Mithraeum Arnsburg",50.484314,8.78527
"1000561 - Temple",49.03854,9.04568
"1000562 - Mountain Sanctuary",48.407143,8.020556
"1000563 - Mithraeum I",49.06266,9.00468
"1000564 - Mithraeum I",49.415855,8.679235
"1000565 - Mithraeum II",49.413967,8.693815
"1000566 - Temple area",49.692158,9.241514
"1000567 - Temple",47.84251,8.939867
"1000568 - Weihebezirk",49.430134,9.425451
"1000569 - Temple area",48.478004,8.932575
"1000570 - Temple area I",48.154785,8.64558
"1000571 - Temple area II",48.15276,8.645009
"1000572 - Sanctuary",48.814072,9.508077
"1000573 - Merkurheiligtum (Sauhag)",48.673996,9.293082
"1000574 - Tempel (Unterböbingen)",48.817959,9.92597
"1000575 - Sanctuary (St. Johann)",48.952354,8.365316
"1000576 - Temple",49.013542,9.176175
"1000577 - Temple on the Kalkarberg",51.728806,6.285232
"1000578 - Temple",49.702648,9.236975
"1000579 - Mithraeum (Ober-Florstadt)",50.325161,8.875741
"1000580 - Sanctuary (Heidenpütz)",49.84407,7.072406
"1000581 - Temple",50.356865,6.866581
"1000582 - Sanctuary of Mercury (Gangloff)",49.653168,7.706888
"1000583 - Temple of Mercury (Bingen)",49.966831,7.8924
"1000584 - Sanctuary",49.977505,6.526544
"1000585 - Temple of the Matronae",51.664839,6.444823
"1000586 - Temple area",50.218475,7.2154
"1000587 - Temple (Heidenkopf)",49.434444,7.288409
"1000588 - Temple (Lohrsdorf)",50.552776,7.193636
"1000589 - Spring Sanctuary Kasbruch",49.337135,7.213664
"1000590 - Mithraeum",51.659077,6.462894
"1000591 - Temple",50.775005,6.085007
"1000592 - Temple",48.411995,10.137369
"1000593 - (K)ein Mithrasheiligtum (Saalburg)",50.268448,8.568121
"1000594 - Mithraeum",49.90197,8.846936
"1000595 - Sanctuary",49.985161,8.180348
"1000596 - Brandopferplatz",48.047626,10.373531
"1000597 - Rosmerta-Tempel",50.439079,7.389761
"1000598 - Temple",49.841267,6.899114
"1000599 - Temple",49.863735,6.923764
"1000600 - Sironatempel",49.850479,7.291307
"1000601 - Temple of Mercury",49.785912,7.768484
"1000602 - Mithraeum",49.628971,7.806087
"1000603 - Temple",50.726795,7.085428
"1000604 - Mithraeum",50.084049,8.238866
"1000605 - Mithraeum",50.081806,8.977619
"1000606 - Forum Augusta Vindelicum",48.37579,10.900263
"1000607 - Temple",50.935829,6.581988
"1000608 - Heidentempel Kreuzweingarten",50.613701,6.79086
"1000609 - Tempelsäulen",50.001255,8.268003
"1000610 - Tempelreste",50.733246,7.100145
"1000611 - Temple Ulpia Noviomagus",51.367474,6.611528
"1000612 - Temple Ziegetsberg",48.99202,12.069141
"1000614 - Temple of Artemis Amarysia",38.3871,23.9089
"1000615 - Temple of Zeus",39.201218,29.609631
"1000616 - Temple of Jupiter",43.508341,16.439568
"1000617 - Temple of Bacchus",34.006143,36.203873
"1000618 - Temple of Venus",34.006021,36.20623
"1000619 - Temple of Artemis",32.281952,35.890922
"1000620 - Temple of Jupiter",32.276571,35.889929
"1000621 - Capitolium",36.422891,9.218169
"1000622 - Temple of Juno Caelestis",36.422903,9.215682
